Liste des tokens. ,"Si supporté indiquez 1, sinon indiquez 0"
HTTP-message ,1
start-line,1
request-line,1
method,1
request-target ,1
origin-form,1
absolute-form,1
authority-form,1
asterisk-form,1
absolute-path,1
segment,0
query,1
absolute-URI ,1
scheme,1
hier-part,1
authority,1
userinfo,0
host,1
IPv4address,1
reg-name,1
port,1
HTTP-version,1
HTTP-name,1
Content-Length-header ,1
Transfer-Encoding-header,0
Cookie-header,1
Host-header,1
Referer-header,1
User-Agent-header,1
User-Agent,1
Accept-header,1
Accept-Encoding-header,1
Connection-header,1
Content-Length,1
Transfer-Encoding,1
transfer-coding,1
transfer-extension,1
cookie-string,1
cookie-pair,1
cookie-name,1
cookie-value,1
Host,1
Uri-host,1
Referer,1
absolute-URI ,1
Partial-URI,1
relative-part,1
product ,1
comment,0
media-range ,1
Accept-params,0
Connection,1
connection-option,1
Accept-Encoding,1
codings,1
weight,1
Content-Type-header ,1
Content-Type,1
media-type,0
Expect-header,1
Expect ,1
Accept-Charset-header,1
Accept-Charset,1
charset,1
Accept-Language-header,1
Accept-Language,1
language-range,1
